{
    "loss": 33.106014251708984,
    "accuracy": 0.8041236996650696
}