{
    "loss": 19.242156982421875,
    "accuracy": 0.8041236996650696
}